file,label
000F5AD1-B29F-4AC9-873E-CB9FC12D457D.mp4,0
005CA393-E3DA-4845-A921-765A2D1091DD.mp4,0
009B7423-CE0C-4D81-9F7A-DB5B283C3946.mp4,0
00E2D549-34A4-488F-8402-F7CA255E8197.mp4,0
00F7BED6-DD5D-48B9-A38B-6B8A9112A4BD.mp4,0
018A15AE-052C-492F-A272-F0D4A1E58281.mp4,0
019F38EB-D45A-4766-BB69-BC7C1E9BDA90.mp4,0
01C5D821-5A9D-44B3-8026-6400C3591A92.mp4,0
01FD0D5E-4B43-4998-BEAA-6FC8591D0582.mp4,0
0242C3FC-8DDF-4C21-A2F0-805AD0B64131.mp4,0
026CCF93-FAF1-47C8-945D-E0E2ED6B1150.mp4,0
034D8209-7BA5-4B2E-A7A2-7339EAAC37A8.mp4,0
03D4C390-A17D-4E70-9117-4C33F0E2762D.mp4,0
03DFABFA-0FFF-4C47-8AC7-3E0F9BE9C1A8.mp4,0
03E6303E-1C78-43E3-B88A-447B6649DE18.mp4,0
03F95162-4A58-4AAD-81E5-393BC33D6657.mp4,0
043DCC92-5A40-404C-877B-CAA9F97114AD.mp4,0
0505580C-C87D-4A7B-8347-D8FFB86FEED8.mp4,0
053E8A14-9294-4BB2-9151-452F06101C54.mp4,0
05C962A3-975A-47FA-AA6F-2A26B34A1CD1.mp4,0
05D83738-627E-43AB-89B3-9B0CA0F7D782.mp4,0
05F0BC15-B6FB-4032-B4E8-40EBD9D4D77A.mp4,0
0734C415-5B3B-4A3E-920D-F364C6E43A9B.mp4,0
07543E83-1370-49B1-835A-6EAB2D7564DD.mp4,0
076DC3F2-C079-4584-B083-B552A898719B.mp4,0
07A4607D-0F15-4422-8C67-A1E7979784DA.mp4,0
07BE99A8-2632-406A-B2B5-F9B12AF6BB12.mp4,0
07CA4D52-FEF0-4AF4-B8AD-68D7CE6FF210.mp4,0
07CE74EE-72F1-4C50-95DB-09F7B6BEB253.mp4,0
097CF639-C7A4-4219-A836-3EE017A1FB27.mp4,0
0A26EBEB-2F99-44DC-AAC3-E11A1F6D8359.mp4,0
0B1A3823-8D15-4DC3-8948-CAB394F8518F.mp4,0
0B278CF2-FE40-4B34-BFAA-5322E2054430.mp4,0
0BC9AFB7-4B9E-4540-B81E-459F41916887.mp4,0
0BF1C351-A5CD-47BC-8D7A-1411DCF6E1A6.mp4,0
0C1A5F48-4C66-4347-AD66-7AEC3A077F76.mp4,0
0DACA3DD-ED82-4854-80A1-686A6B9D7591.mp4,0
0DFF20F0-34E4-4EFC-BDD4-69B0F73B496B.mp4,0
0E2B918D-B8D4-4E07-8911-AEDC99DF2E4B.mp4,0
0E7684EF-CB23-4A0A-8A85-5A5719C5DB8F.mp4,0
0E7DC731-1BC7-4874-A91A-23A0A62DCC3B.mp4,0
0E7F4ED0-AF7D-4F58-9711-08608A288CAD.mp4,0
0E8BAC39-4ADA-4069-9D82-5AE6FC14D7C6.mp4,0
0F257950-AF86-43BF-970B-35740FF1F411.mp4,0
0F7C9E5B-8495-4F18-AA0D-3528DCC3E394.mp4,0
1030FD80-B3C5-4B95-AC4D-7476EB9EF285.mp4,0
10DE6340-1A9A-4C18-A616-4522CBF585F2.mp4,0
114AF976-091C-484B-8F01-EF01104D3F9F.mp4,0
118C4AE5-A24E-4759-9A8D-B78071B2D5B0.mp4,0
11923AE0-0D19-4281-B4AF-04D9E7446092.mp4,0
119EA342-0A25-4EEC-B7FB-AFBDBB97E008.mp4,0
12726D2F-568B-4220-9095-9E487A550917.mp4,0
12836E3B-5516-46E5-9BCB-DF25A3347FD2.mp4,0
1365EE62-2F22-4D34-80CA-82A14F6E1A19.mp4,0
1383178E-EC18-4E7E-AA83-B721A72C0E30.mp4,0
13A09860-0B37-4729-862E-6A99F50584FE.mp4,0
141240C0-C05D-4BEA-B09B-6E25B30B99D5.mp4,0
14460ECB-CFB5-45A8-BC6E-404D69CF917C.mp4,0
15063135-BA45-404A-A90B-4B18E5636668.mp4,0
173BA3B9-1FE2-4210-A87B-C79206D30B6A.mp4,0
174BCE14-B994-4A00-A9DF-B8A177A7219C.mp4,0
17AC5AD7-6D84-43F4-9851-E37848100DEB.mp4,0
1874A549-FFD5-402B-BB7C-C33942AE14C7.mp4,0
19299EA7-7A5C-4555-AA5B-AB12CDE4494C.mp4,0
1A8F7629-A5FA-481A-8030-EFD01C7D37AC.mp4,0
1AA2D387-C293-4956-83F4-56821978A5EF.mp4,0
1AD70860-FC24-4207-898A-429E07539B19.mp4,0
1AF5C278-9CA6-4D71-8A99-39CA08D4E342.mp4,0
1B28130D-82BD-493E-AA64-5F38D2E3638B.mp4,0
1BBB74D5-2493-470E-9731-E85DCD06CE5D.mp4,0
1BDE7362-20C6-48B5-A063-4456F3580A52.mp4,0
1DD032AA-7296-453D-88CD-A90A252D8771.mp4,0
1DF83269-611C-4DD0-97B8-E3624474DC8E.mp4,0
1E81F4FF-EA73-42B6-AE9A-ABAA8C1D9AE4.mp4,0
1EF2AD88-B8E3-4B58-92F1-C3BE7D7428D0.mp4,0
1F3F159A-64DD-479C-9802-789B5E6B0DA0.mp4,0
1F558D7C-FD23-44E5-8CF6-D7554862D163.mp4,0
1FC2DB87-CCAE-4421-AD27-C24346C32E81.mp4,0
1FECE175-7AD6-477C-B836-7147D86BD4F4.mp4,0
2062AEAA-6633-407E-B033-BF86E7C9AD17.mp4,0
22FA1DFF-25A3-4526-8CAC-7F28F59D96CF.mp4,0
23035B70-C420-4379-AFEA-29862ED8FD0F.mp4,0
231F5DAD-1A1B-4AD5-8609-0565837BF165.mp4,0
2337B8DB-A42B-4625-9B25-4BE6777AC224.mp4,0
24952E45-B39A-46D9-A6B9-72EA50301C9B.mp4,0
253CA883-7E72-40F3-8277-F0BAECFF7D19.mp4,0
26FEED31-C9F7-4ABA-BEEC-A8916CBF9D9B.mp4,0
2871BA64-AF0C-4F53-B29D-76D65ABE9100.mp4,0
2964F0C5-42B0-4B66-BD21-FE9848B1BE51.mp4,0
29A99E33-2F60-41A4-8455-669A89248617.mp4,0
2A99E8DB-E6C4-4BED-A5A2-6B054AF248C1.mp4,0
2AA7B391-4B60-4769-8BE8-6C95ACFF8F9C.mp4,0
2AA92122-DCDF-4F15-ADB4-2F250A893259.mp4,0
2AC9A5DF-44C2-41A9-AF93-4884E5F206B3.mp4,0
2B684114-DCCA-4E00-B75F-5BE7ACA4F178.mp4,0
2BDF84CF-F7D6-49C7-86A9-275BD62CF8EF.mp4,0
2C0CB8E6-F08F-423A-BD11-986A9A73F130.mp4,0
2C4381AF-09B5-4A39-8174-335D9D9A5C1F.mp4,0
2C599E94-C415-42B7-93B7-A67EA1886F05.mp4,0
2C7D9DD7-C998-42C3-811B-657F1C600B29.mp4,0
2DFCFCF1-500D-426A-AD9B-512A01F57576.mp4,0
2EEFB454-A26B-408E-AC84-65C096D53626.mp4,0
2F172316-297F-45C7-A223-8220AA47649C.mp4,0
2F1DA580-5B09-4459-99BC-FF93DACDE3D4.mp4,0
2FE268C9-63AD-43CF-8656-405A9FFBD21B.mp4,0
2FFA4418-0CAA-4D9F-BAA2-54CE6F48A8E3.mp4,0
31134DCA-CD37-4F29-A66E-AFB1B5B6E80B.mp4,0
311B24D5-7905-48F4-83B5-EABC45F17B10.mp4,0
3134AC09-53DF-4A33-8152-398A095F9C47.mp4,0
31AC0734-2141-4C10-8392-18913C72367E.mp4,0
3303B7C3-F0A9-4E3F-96F6-B431ABCE6919.mp4,0
33369DF4-E3A3-43B3-A9E9-19ECC647E227.mp4,0
337987E7-92C5-41CF-845F-041334B07D9C.mp4,0
33CFE96D-078E-45BF-9E56-0FA2DF8EAF99.mp4,0
33F40D92-F31E-4F1B-A7ED-6AC2714FAC1C.mp4,0
341C0B94-EBC7-4C59-A1BB-75E2E2025410.mp4,0
349ECDAC-EA7F-4FA4-81CB-DD984A479504.mp4,0
35C042FD-1FE6-4A41-B2A3-9DC77782B5EF.mp4,0
35C2C9DF-5776-4877-A891-5B6D58D6557D.mp4,0
3737D6B2-3066-4FB7-8C8E-D331E5E1A350.mp4,0
37775942-7DEE-4895-A375-33FCFE77EE49.mp4,0
379DAF8F-84CC-42C2-91A6-0C4D40FB19E8.mp4,0
37F5D0B5-329A-41FF-86E7-FBCA9C1AC654.mp4,0
37F92213-C60C-4C98-B41D-0A03865C8439.mp4,0
381BF2AE-B88C-4B0D-934A-CB4E50900A56.mp4,0
387EDD20-A8AA-4405-BCF2-AC2226A03128.mp4,0
388B7264-9DDA-47DA-A67E-7C0AF1055915.mp4,0
38DCAB64-6AB7-40E0-A493-54413CC51004.mp4,0
39D898A4-5835-4FF4-A25F-B082B52496F5.mp4,0
3A14CDA8-1C7B-4293-99E4-9079D82AFCD1.mp4,0
3A9E83DE-8030-4D88-B266-54940C3C17A2.mp4,0
3BD72FBC-CB94-4287-B561-D4E2BD5F6F16.mp4,0
3C51A15F-1991-45B7-B7BF-80269B3A42D5.mp4,0
3CA9875B-EC6E-476C-8C59-337AA4BA64EA.mp4,0
3D09F3A5-E79C-4A78-8319-81E50C5876A3.mp4,0
3E4967FD-9EB8-487A-A91F-B4AFFAF71383.mp4,0
3EDA083C-6AA5-4260-A340-BDFD9AE4852B.mp4,0
3F069CED-5B67-47AE-9191-C22D3ED2A599.mp4,0
3F28DAE6-2D5B-4C57-97C8-990FEBB623AE.mp4,0
3FFAB8BA-91A5-41D2-B433-D36F124BC9EB.mp4,0
4059E9C2-353D-4D8B-B3B3-ED611C7BB0D1.mp4,0
409E03FC-7332-4A79-83F7-965E23643C50.mp4,0
42A5D800-1D95-430A-A4ED-12776444C867.mp4,0
42C37769-D096-4040-A683-2D1EF3B1128B.mp4,0
42E8D989-C257-4BC2-A68A-4F9D89259A42.mp4,0
42FA6C32-1F8B-43C0-9E21-F308BF807E18.mp4,0
4314895B-B7E2-43D0-87D6-BDD862C7AC28.mp4,0
44D35A8D-0543-4710-9A07-85FBF99376DE.mp4,0
45049FAD-9BCD-43FE-9E90-943567EE0045.mp4,0
456253EE-9AB5-41AE-B755-C316906B0306.mp4,0
457FD383-DC90-40E2-8B2F-6348B8701C20.mp4,0
45981E1D-3172-4B35-8787-726631FDA841.mp4,0
460D5FAD-1B81-4562-BACB-8636D4B787BA.mp4,0
464625E3-DB28-430F-8C9C-14ED147F0733.mp4,0
473F44A3-3BEA-4B45-A8DD-0B6D93E2E0CE.mp4,0
47884BEA-80F0-4436-9C0B-C0C89A2C2DF6.mp4,0
483BC104-CC00-4BFE-AA72-2B1101F78264.mp4,0
48748074-2152-4BDF-9533-447DA44A4A76.mp4,0
492975EF-04B2-4C0E-9484-1288A432F224.mp4,0
49A71842-C6CF-4B2C-9C6D-6FD2FB8D3D24.mp4,0
49E594B7-715C-4ED2-9A1F-2A668D995F5E.mp4,0
4A1609F8-BF2F-4F40-BD4B-E78903579BD5.mp4,0
4AA88D0A-E55C-49D6-AE18-CE15CCA33C72.mp4,0
4AB696A9-61DC-47DD-8BF9-61B9F2D17F02.mp4,0
4AEC4FCA-BCB3-49DF-A572-200FB7B8E5EB.mp4,0
4B7950EA-A831-469C-8FF3-D493E68B1AA4.mp4,0
4B93D53D-BE8C-4B79-BA2A-367BD7AC4629.mp4,0
4C062E0D-677D-4A45-BB52-6170B8840DEE.mp4,0
4C0E945D-F414-47B9-8F57-55B8281618D2.mp4,0
4D144828-61CA-4879-995C-E0F2C23932BA.mp4,0
4E213024-F90C-4645-B7EF-2FDD248B938A.mp4,0
4E2D0E69-4902-440B-B025-0F091B209645.mp4,0
4E4D72BD-14A2-41A7-9188-F3879906BE76.mp4,0
4E855406-8849-4E0F-9A4B-5010F74B9B1E.mp4,0
4F44385D-A44F-4F8E-9138-5D922F47F1C5.mp4,0
4F5FEEB3-764E-439F-A1D1-7B7F9E0FBF1F.mp4,0
50B790B7-F99D-423C-B8B1-75CFA9030E67.mp4,0
50D666B2-FFF2-450A-9760-4C64F6C59713.mp4,0
5155D156-F6F9-4433-AFC8-9611674D6CF7.mp4,0
517DC0E1-9BC6-499F-8AC8-2965DBDA049D.mp4,0
5190D50C-41E1-4090-9132-3F30616FBFDE.mp4,0
51C4E18B-FFF9-4D92-A213-51739BD47ACD.mp4,0
5268D784-638C-4196-A0E9-592076C4A8E8.mp4,0
5278116E-1FB1-4E13-AA41-4B9A93CAA38C.mp4,0
531BB86B-AA74-453D-BDA4-91E93F873F54.mp4,0
536C8174-47A6-4728-94EA-97702CA8261A.mp4,0
539891B5-799B-4164-8CF3-75DCEF018D04.mp4,0
53BF3E80-38D3-42C5-8B99-3EB57A5ABD1A.mp4,0
53D7988C-B739-4405-A796-302B2A2CE592.mp4,0
53F2C002-8D9F-4EF4-9763-B45563C57D41.mp4,0
53F7693E-B4D3-4AB6-A185-C46A4503BECD.mp4,0
54A105F4-6925-46C0-A6BE-381E1EB86E8E.mp4,0
54CD9E3D-0558-4C15-B2D8-008DD47B828F.mp4,0
55C60D92-471F-4217-8758-46377E29A65A.mp4,0
55F225EF-F04A-4A2B-A299-D5A1C6453DF0.mp4,0
563CF0AC-7B8E-43C0-AFF1-E585B7265AB1.mp4,0
5688F31D-AD9F-4AA6-B15C-950D3BCACCA4.mp4,0
57B779D8-3695-4607-A51D-B176FCD7943C.mp4,0
57CA00CA-A2EA-4DD0-AEC7-63136493D0C3.mp4,0
57D2D789-BA0B-49C1-8286-4483C703A1E2.mp4,0
58380F18-67DA-4C48-8ED0-948B929E5866.mp4,0
5A0A8ECF-32BB-44E1-A259-DBDF2989116F.mp4,0
5A5657E1-214E-4C26-A138-14B0C4DD506C.mp4,0
5C1B44D5-D67E-4A07-82A0-B8D3C6856BC3.mp4,0
5C7E4F7B-01F6-488E-A793-DA4FCA121CA2.mp4,0
5C837C74-F651-47FA-A3AD-9E46A1082385.mp4,0
5D2206AE-A1F5-470C-8352-2E7302A14C2E.mp4,0
5D80E6BD-D34F-47A4-BA3D-27D1712F8ABE.mp4,0
5DE912E8-3A90-4D90-8F89-EAB5367B26AE.mp4,0
5DEECE48-5BED-4DCB-83CF-966E6924D317.mp4,0
5F2795BD-EE96-456F-B16D-93267BA46176.mp4,0
5FB93F8A-B5FA-44C6-8EDC-5B4519D29693.mp4,0
60205429-D31F-4EB7-B78F-9D704D1F40E1.mp4,0
608CCEBD-4481-4888-B134-3C341ED0367D.mp4,0
60B779FE-5CB2-4D42-AEAA-2B0D64D93665.mp4,0
61425A20-16C3-465B-91F6-F59CE1B50E07.mp4,0
62031141-407A-469B-8378-03DCC3506499.mp4,0
63A6AF47-80E5-4B2C-9099-CF7DD9CABF6D.mp4,0
6409C783-3748-4838-B319-741B60CC7114.mp4,0
649D3EC3-423F-4961-930A-7777DF654EB1.mp4,0
64C33422-2015-4CF6-9260-471DA7899FA4.mp4,0
653DC7E6-2BED-4388-B6A6-5A905A43D042.mp4,0
65B8EC7C-6953-40D2-9A40-89A7A4DBF81C.mp4,0
665B1509-25DF-4ABB-9B03-018D5228A8E2.mp4,0
66C60AEC-213A-4761-B3A0-FE50213EEA26.mp4,0
670525D2-E09F-4252-9EFA-B3F1C32B172E.mp4,0
67B43778-A626-48A5-BB49-6BB5454E449E.mp4,0
68F06D40-6897-44DE-8F1B-A4BBC34C3998.mp4,0
6A1DBA3E-F45C-46A5-A54C-469100BD846F.mp4,0
6A98DCF8-8A31-42F1-B0B0-E21C1007E029.mp4,0
6C625115-2646-4820-AEE4-AD1C7FA7B28F.mp4,0
6CBFAD4F-8BB4-481A-86B1-97293F7146C5.mp4,0
6DA2D66D-771D-488E-AAE3-821AFB50073D.mp4,0
6DFE1CB8-8368-41AC-B23A-ADF02353AD1E.mp4,0
6F3D521D-00AD-4F4B-AA8D-088494F9A3A6.mp4,0
6FD17AE5-CBC0-45B3-96DC-56B984BDE922.mp4,0
705E84C5-186F-42BE-AC6D-14B331BD6C9C.mp4,0
706A973C-5B14-4383-944C-EC4A375B06C6.mp4,0
70AC0F78-2B66-4B43-B8D8-28F9FD31FF4A.mp4,0
70D0363F-DEBB-4A58-AAAD-221445345E3F.mp4,0
715D69F1-940C-43B2-B273-5BDCA8579F8E.mp4,0
71A775F2-2336-4258-B04C-FE56191ACA9E.mp4,0
71D9734E-50CE-466B-A791-F3BC8413715B.mp4,0
73D25C88-0BB0-4476-B324-DFA3F386227F.mp4,0
73E47778-7B24-42C7-8CF8-76D3C19257A4.mp4,0
7400A13C-E0AE-46EA-B3EC-0FB2293E5E2F.mp4,0
744F62F8-5FEA-4F51-8F50-4FE80C409D34.mp4,0
74730A7F-117F-436F-A642-6CDD1DDF4EDD.mp4,0
74B8F5C4-F881-4269-93C0-2A2E30AC8F7B.mp4,0
74BE8EB4-79F2-4E53-B673-1DDB4FAE2C58.mp4,0
755133B0-A40E-428B-B0D0-715477AF7421.mp4,0
760CC265-023D-4D27-82AC-F4A02F2D48F8.mp4,0
7631526B-1E9F-4C9B-BC33-D499872D6A8A.mp4,0
7641BE5C-2455-4143-A576-DDC2833A5E12.mp4,0
76506E37-C804-4C06-8DFD-16CC4CE92E82.mp4,0
77CDBE60-71FF-41B2-9565-C9FD86A3B077.mp4,0
7817734A-43D9-40FC-8DC1-A9A3EAD673BE.mp4,0
7844FBDD-E99A-409B-9AEF-524C3276DF23.mp4,0
78F8A6F4-1970-4A9E-A5FB-466D64665F6C.mp4,0
79A62B7B-02CE-425D-9694-4C2AF3FE89EA.mp4,0
7A1C6551-FDD4-4B56-9161-82110EF2D290.mp4,0
7AED3058-0350-472E-9EC2-93913D4E90BD.mp4,0
7B6CEF10-5F1E-4DD3-A892-8F74724488F2.mp4,0
7B894EC6-23A0-4C29-9FD8-642DC042B870.mp4,0
7B9AD877-456C-4EE6-BBCD-6EDA9DDBC403.mp4,0
7BEA1ADC-7B92-4C88-86EC-215E5E9386D4.mp4,0
7C6CC292-B3A5-44B0-8E23-25605D3A81F7.mp4,0
7C8FF2CD-C171-4D83-992D-812DA9022F24.mp4,0
02BB8173-2AF6-452E-A0B7-13BD2D789E85.mp4,1
03B83B45-D623-403C-9E7B-E6AACBCE74BD.mp4,1
08F6FABF-ACC4-44DC-AB7D-2F565F1AD293.mp4,1
09D84F40-ABA0-401C-B668-2781B7C027B5.mp4,1
0BF4F053-CAE0-4A63-8916-B1DE583B3A42.mp4,1
0D3104C3-064C-4054-9A28-2DF67F285D7D.mp4,1
0D6DBBAC-1D66-49C6-820B-2112C5EB82D3.mp4,1
0FF6A5DB-4D9B-4746-BCD2-7E4B12B578BD.mp4,1
11DF4129-59FE-4EAD-B2D1-716673AEB69B.mp4,1
1509C5C2-B56E-4D90-97A0-D4957B2762FC.mp4,1
175ECACB-A637-4671-8A02-0C1541FA947C.mp4,1
1928D0E6-A4F1-4B6C-866D-41989CA9EDA0.mp4,1
2346173E-BDD3-48DC-A5B4-D0C6D3846D55.mp4,1
244B6A64-6FBE-49AF-B644-ECCA62F988CA.mp4,1
2508C49B-B85C-4119-A681-4354E53688FB.mp4,1
26370DB4-61B8-42B0-9494-35C1CC697C20.mp4,1
2E6A5518-C266-4206-86D7-9D278330BA3E.mp4,1
3080B434-A475-4925-A307-B8C2D71025F2.mp4,1
309610CD-6B15-4823-A8A9-BC37A89957F6.mp4,1
325EEBA5-66BD-49D8-884F-705D04844CAD.mp4,1
3402938B-71CB-4C65-B6E7-3B3E30338CCF.mp4,1
3670D41F-E3D1-46F9-A8D8-3D2C6F174C4A.mp4,1
378A9AFB-1E66-4815-AC19-B139FB8E106F.mp4,1
379CF6ED-B164-4E5C-ACDB-67F5E23DFD7F.mp4,1
37FFB685-E190-41C5-A2DE-76D8819D8E12.mp4,1
3871FDA3-E1AC-4A75-9DC8-A90EA041E99F.mp4,1
38C72C33-8911-4B57-B872-CB56398A0EB2.mp4,1
38C7831C-9111-46A0-902B-524710CEC0E3.mp4,1
38D98B6C-CF5B-478A-9BFF-EF141A2A29FC.mp4,1
3D38AA57-79FB-4A97-A5BC-9CF020DC98AA.mp4,1
3EC7D93D-96D0-4BDA-B25F-3FDABA2B4026.mp4,1
42966730-A183-44A8-B3FB-30A3C47B0C6B.mp4,1
42A2E59D-0A31-4E55-A71B-7AD9898DDB48.mp4,1
436E00C5-2A92-4859-9B62-56882A918A02.mp4,1
46F1E33C-3404-403B-A5B3-7D666036C1F3.mp4,1
48882B2E-63E5-4F69-BD4A-686097970929.mp4,1
48FC4F46-A835-4013-AA68-A87DB12653AC.mp4,1
4A174983-1D23-4EB9-B06A-828E959EF814.mp4,1
4B316808-F489-4E02-BCB3-50BCE7EC62B3.mp4,1
4C40229F-A236-4B35-9F56-EE9C9FDA4CB1.mp4,1
4F59B138-D21F-4964-963D-A1ACDB86AF24.mp4,1
512BE17E-5917-4619-91E9-28DE0AD0D4CD.mp4,1
52EBE2F6-6CA4-44DC-93E9-3620CEAFD2D1.mp4,1
55DCA2FD-20CA-42CE-859D-424D596119B3.mp4,1
5BB7ED33-3E36-453A-ACFF-4B87A7363820.mp4,1
5D093D0E-9105-4610-9956-93E3220201F6.mp4,1
5D4CD4F7-53A8-4A4D-ABF9-EC44533C946B.mp4,1
6368B788-557C-4D4F-ACA7-8209FD23B3BF.mp4,1
659D14A9-6A59-4AE0-9608-3718D7834EB7.mp4,1
6663D509-BE9A-42BC-B39E-CE8F68D9E45C.mp4,1
6A99A132-569B-4CC1-8598-E556639D1577.mp4,1
6BE713D5-CB85-4662-B4AE-EF3E6C1FFDB2.mp4,1
6CA565E7-C6E1-4C73-9F6D-7FDCF27C562F.mp4,1
6D2D49E4-B753-41F2-9736-FC4CD64E937C.mp4,1
7248D34C-E27E-4F1C-95B7-23D69EFAD6DD.mp4,1
74C02820-916E-4767-A31A-8FFD20BC6BE1.mp4,1
77DAE81C-D630-4E18-90BA-C7DCA344F354.mp4,1
799E6A9D-38B5-432D-8A12-217E4AEEC8D7.mp4,1
7D7DC921-0CF5-4342-957E-3DEB58B239CC.mp4,1
7E64228A-1DDD-47ED-A707-11AFF16132D2.mp4,1
82072756-0EA4-4624-AD48-C734665AFF22.mp4,1
86FE5C26-0F24-4F3B-B5D4-E6001DACE541.mp4,1
87AB8EF9-8DCF-485A-BC63-CAC34720F5F3.mp4,1
8C063C4A-C664-4860-BE08-50CE97936AA1.mp4,1
8CF7776E-DB1F-4DCC-A9BF-5FFBB38C93B3.mp4,1
8D70ABE3-5552-4CE7-BCA0-F8426E82278E.mp4,1
94A067D4-8AC0-439B-81CB-822A0886A4CD.mp4,1
95DAF2F5-FD60-409F-AEE2-1516A8C057B4.mp4,1
96C359DE-616A-48E1-9F24-93A9B3C602F1.mp4,1
97D8644A-078A-4C32-A517-7BB9A8D85351.mp4,1
982F9980-399B-4E20-9769-6B758081F065.mp4,1
983CCED3-41B6-4675-8EE7-A2E7C6239CEF.mp4,1
98B825A4-006D-4F6A-9021-2672E1107B87.mp4,1
9B0B5FAD-36E1-44C6-AF65-17048122160E.mp4,1
9C33F2C4-0977-4D78-968F-7CCAC57B6225.mp4,1
9C6F5D5C-1CAD-46D5-9321-6887B235A4A7.mp4,1
9DC004D4-6B27-4C6A-9891-1869211A6B45.mp4,1
A0E702F8-5521-4C85-BE4F-309AD7696498.mp4,1
A1102A84-6DF6-41E0-96D2-3A4A0D5FE9A7.mp4,1
A2733B65-4E45-4E04-96C6-09AC21F86AC8.mp4,1
A336CE5F-B735-4F58-AA75-C55E3B4AE3C7.mp4,1
A4EC5D72-557D-4565-A049-D9386F377A4D.mp4,1
A56C8A3A-50F9-4070-B97D-730A4DF94AD7.mp4,1
A64D745E-F87A-43D9-A534-E5F416CC80B0.mp4,1
A6E5F58E-87E7-4BB8-A45A-530151AB2A06.mp4,1
A7A57C31-6471-4A2A-AA9B-A1B3853119C1.mp4,1
A89A39BC-485D-4D6B-9254-8BE2297AF9F9.mp4,1
A8D4FD2A-7F00-4EE2-9D0C-DE106BB0025A.mp4,1
AA221EA6-E4B1-45B5-925C-6FB391F973C9.mp4,1
ABA11564-9466-413E-AE69-A1BE883CFB59.mp4,1
ABF9ED21-FE1E-4B54-9712-0AB76C243900.mp4,1
AC34B8FE-1FB2-417D-9E74-A165A4FAE485.mp4,1
AD3A4C38-4FBA-4E73-A972-F22A1AD053FF.mp4,1
AD4232C1-DDD2-41DE-8BFA-4931345EFE2F.mp4,1
AD8C110A-33A9-4669-A02B-E8A52615A197.mp4,1
AE4BCDF4-09EF-4087-A7D4-333D2915259F.mp4,1
AE673F40-BEF8-413F-B85C-1FBF0AC50F4A.mp4,1
AF2B0AF0-8446-4CED-B817-8C023AA3CCD3.mp4,1
B3447304-C562-4AFE-AAE5-2F6945934F8D.mp4,1
B4146E22-D0DB-4EC2-A31E-593004422EAC.mp4,1
B41BA176-EEE9-420E-8E10-757A132F1680.mp4,1
B6810B95-889F-4CDA-AC2F-5910530B8D12.mp4,1
B80685CD-15A0-4C07-98C7-7186107290C6.mp4,1
C061D674-BE88-4268-ABBC-1DAF889AF9A9.mp4,1
C2B78017-E4D4-4687-B52B-4853785A8B24.mp4,1
C66E57B5-1806-4191-9DD8-AEEFE226408E.mp4,1
CA49440B-265B-449D-9F1D-7CC9C3A890D7.mp4,1
CB0504D0-1B6D-4248-A752-11DE0CAB7F1A.mp4,1
CC99B589-1A2B-4B93-ACE7-E2AF0B7C94EC.mp4,1
CDFCEC4F-1007-40AE-BD05-00E379C42749.mp4,1
D1DACE51-3A6F-42EB-8D98-3556B2138457.mp4,1
D1EF0FF4-CBC9-4F07-8B4E-E8BCC553B47E.mp4,1
D3A5D647-106C-432B-8968-1EA44EDE0734.mp4,1
D517AC38-EC4D-4BA2-8C50-B79FE43CA43F.mp4,1
DD5FDD31-33F4-4872-964A-CE322C1CC1D7.mp4,1
DF17B6A9-1732-4BE5-B9EB-21CF9D0831C8.mp4,1
E3866D84-5391-4CFB-88A0-A7F32EEB6EC4.mp4,1
E3CF683B-3E2E-4393-83DD-DE663CEC4162.mp4,1
E6AFBA19-96CC-4D08-9BD7-20A0BEE2FEEF.mp4,1
E6DF0DA5-D7B5-42DD-A2D0-D916E3805D14.mp4,1
E81FBAA6-212B-4CA1-8E4E-74858E5BA5B7.mp4,1
EADA5716-6D53-460C-BC49-9DD5AB26A8E5.mp4,1
EB9C8A64-EFFF-45ED-AD03-0AB34B89DF6D.mp4,1
ECA6C83E-FCE5-4C3A-851C-B65091CA596A.mp4,1
F2608A78-B300-4458-BBA8-7045768F1CE8.mp4,1
F3169D02-1167-4F4D-91CE-AA5D9234454C.mp4,1
F7EC9D0C-D3B6-4553-91FD-54DB2E4279A6.mp4,1
F95D03D2-511F-4556-982A-78458D10C60B.mp4,1
F9ED1A98-2A9B-4149-B900-A53EDDF65223.mp4,1
FA56F667-F0E7-4E34-B5DA-8EF74137DBDD.mp4,1
FAD22055-50B3-4D46-8055-AD212B33CEB2.mp4,1
FC503F8E-5C19-4062-90F6-AD30F4E10B2E.mp4,1
FCCBFBCD-C00B-4145-BB3E-679957CCEB21.mp4,1
FF17EB94-B9A6-48E0-98E3-755CD3F0DD66.mp4,1
